,Average,Maximum Difference,Maximum,Minimum,Maximum Deviation from Average
youtube,183.036,31.090000000000003,201.22,170.13,18.183999999999997
amazon,426.36,262.27000000000004,624.6,362.33,198.24
google,71.994,9.040000000000006,76.5,67.46,4.534000000000006
facebook,494.088,39.30000000000001,513.85,474.55,19.762
